Feature Group,rmse,RMSE_RANK
heatmaps,0.2483302013916667,57.25
fixation_duration,0.24939523546666667,58.416666666666664
fft,0.25351833571666665,63.5
saccade_duration,0.2567926300916667,64.58333333333333
eye_tracking,0.25859813630833334,68.0
Arma,0.2680068998833333,72.25
all,0.26140997615,72.25
pupil_diameter,0.2659458227,75.25
garch,0.27037755723333334,75.5
saccade_length,0.2705997834833333,77.25
