Method,FGI_RANK,FGI
lasso,60.130434782608695,0.010851539091304348
PCA,70.0909090909091,0.011641025709090912
