Feature Group,FGI,FGI_RANK
garch,0.00898130625,31.0
Arma,0.009178991266666667,38.666666666666664
lhipa,0.0088327743,46.0
pupil_diameter,0.010083673633333333,47.0
saccade_length,0.010389264550000001,48.75
all,0.0104870981,55.0
saccade_duration,0.010644157599999999,58.6
markov,0.0102954725,62.0
heatmaps,0.011305757433333334,63.916666666666664
fft,0.01171395714,74.2
