Method,rmse,RMSE_RANK
lasso,0.2618714843277778,70.15277777777777
PCA,0.2688073985722222,74.84722222222223
