Feature Group,rmse,RMSE_RANK
garch,0.26404345591666667,27.833333333333332
fixation_duration,0.2686933293,29.833333333333332
all,0.26659162255,32.666666666666664
fft,0.27108771498333334,34.833333333333336
markov,0.2778711210333334,37.166666666666664
eye_tracking,0.28014479908333334,37.833333333333336
Arma,0.2826006298166667,38.833333333333336
lhipa,0.28212832275000005,39.0
saccade_length,0.28252347738333333,39.166666666666664
heatmaps,0.28683953803333334,39.333333333333336
