Method,rmse,RMSE_RANK
lasso,0.27203188124166666,32.72222222222222
PCA,0.2832017094444445,40.27777777777778
