Method,FGI_RANK,FGI
PCA,29.0,0.00857746205
lasso,32.22222222222222,0.008789014527777778
